<?xml version="1.0" encoding="utf-8"?>
<!--/1957582/1786631/2.50/6/4/Connector/-->
<quadcept_library>
  <setting unit="mil" />
  <textstyle name="Default" height="47.244094488189" strokewidth="7.8740157480315" charwidth="47.244094488189" />
  <textstyle name="Dimension" height="19.6850393700787" strokewidth="0" charwidth="19.6850393700787" />
  <textstyle name="H127W0635TH00762" height="50" strokewidth="3" charwidth="25" />
  <textstyle name="H15W15TH02" height="59.0551181102362" strokewidth="7.8740157480315" charwidth="59.0551181102362" />
  <padstyle name="c210_h140" surface="False" plated="True" isvia="False" nopaste="True" nomask="True" complex="False" holesize="55.11811023622">
    <padshape layer="TOP" shape="round" width="82.67716535433" height="82.67716535433" />
    <padshape layer="TOP_SOLDER_MASK" shape="round" width="90.551181102361" height="90.551181102361" />
    <padshape layer="INNER" shape="round" width="82.67716535433" height="82.67716535433" />
    <padshape layer="BOTTOM" shape="round" width="82.67716535433" height="82.67716535433" />
    <padshape layer="BOTTOM_SOLDER_MASK" shape="round" width="90.551181102361" height="90.551181102361" />
  </padstyle>
  <footprint name="OQ06325100J0G" originx="0" originy="0" pickpointx="0" pickpointy="0">
    <pcbpin number="1" name="1" style="c210_h140" originx="0" originy="0" rotation="90" />
    <pcbpin number="2" name="2" style="c210_h140" originx="150" originy="0" rotation="90" />
    <pcbpin number="3" name="3" style="c210_h140" originx="300" originy="0" rotation="90" />
    <pcbpin number="4" name="4" style="c210_h140" originx="449.99999999999" originy="0" rotation="90" />
    <pcbpin number="5" name="5" style="c210_h140" originx="599.99999999999" originy="0" rotation="90" />
    <pcbpin number="6" name="6" style="c210_h140" originx="749.99999999999" originy="0" rotation="90" />
    <line layer="TOP_ASSEMBLY" originx="-73.425196850393" originy="314.96062992126" endx="823.42519685038" endy="314.96062992126" width="7.8740157480314" />
    <line layer="TOP_ASSEMBLY" originx="823.42519685038" originy="314.96062992126" endx="823.42519685038" endy="-47.244094488188" width="7.8740157480314" />
    <line layer="TOP_ASSEMBLY" originx="823.42519685038" originy="-47.244094488188" endx="-73.425196850393" endy="-47.244094488188" width="7.8740157480314" />
    <line layer="TOP_ASSEMBLY" originx="-73.425196850393" originy="-47.244094488188" endx="-73.425196850393" endy="314.96062992126" width="7.8740157480314" />
    <line layer="TOP_SILKSCREEN" originx="-73.425196850393" originy="314.96062992126" endx="823.42519685038" endy="314.96062992126" width="3.9370078740157" />
    <line layer="TOP_SILKSCREEN" originx="823.42519685038" originy="314.96062992126" endx="823.42519685038" endy="-47.244094488188" width="3.9370078740157" />
    <line layer="TOP_SILKSCREEN" originx="823.42519685038" originy="-47.244094488188" endx="-73.425196850393" endy="-47.244094488188" width="3.9370078740157" />
    <line layer="TOP_SILKSCREEN" originx="-73.425196850393" originy="-47.244094488188" endx="-73.425196850393" endy="314.96062992126" width="3.9370078740157" />
    <line layer="TOP_PLACE_BOUND" originx="-112.79527559055" originy="354.33070866141" endx="862.79527559054" endy="354.33070866141" width="3.9370078740157" />
    <line layer="TOP_PLACE_BOUND" originx="862.79527559054" originy="354.33070866141" endx="862.79527559054" endy="-86.614173228345" width="3.9370078740157" />
    <line layer="TOP_PLACE_BOUND" originx="862.79527559054" originy="-86.614173228345" endx="-112.79527559055" endy="-86.614173228345" width="3.9370078740157" />
    <line layer="TOP_PLACE_BOUND" originx="-112.79527559055" originy="-86.614173228345" endx="-112.79527559055" endy="354.33070866141" width="3.9370078740157" />
  </footprint>
  <symbol name="OQ06325100J0G" originx="0" originy="0">
    <line originx="200" originy="100" endx="600" endy="100" width="0" />
    <line originx="600" originy="-600" endx="600" endy="100" width="0" />
    <line originx="600" originy="-600" endx="200" endy="-600" width="0" />
    <line originx="200" originy="100" endx="200" endy="-600" width="0" />
    <sympin number="1" originx="200" originy="0" rotation="180" length="100" width="7.8740157480315" flipped="False">
      <text name="pinname" originx="230" originy="0" style="Default" rotation="0" justify="left" flipped="False" hidden="False" data="1" />
      <text name="pindes" originx="140" originy="20" style="Default" rotation="0" justify="lowerright" flipped="False" hidden="False" data="1" />
    </sympin>
    <sympin number="2" originx="200" originy="-100" rotation="180" length="100" width="7.8740157480315" flipped="False">
      <text name="pinname" originx="230" originy="-100" style="Default" rotation="0" justify="left" flipped="False" hidden="False" data="2" />
      <text name="pindes" originx="140" originy="-80" style="Default" rotation="0" justify="lowerright" flipped="False" hidden="False" data="2" />
    </sympin>
    <sympin number="3" originx="200" originy="-200" rotation="180" length="100" width="7.8740157480315" flipped="False">
      <text name="pinname" originx="230" originy="-200" style="Default" rotation="0" justify="left" flipped="False" hidden="False" data="3" />
      <text name="pindes" originx="140" originy="-180" style="Default" rotation="0" justify="lowerright" flipped="False" hidden="False" data="3" />
    </sympin>
    <sympin number="4" originx="200" originy="-300" rotation="180" length="100" width="7.8740157480315" flipped="False">
      <text name="pinname" originx="230" originy="-300" style="Default" rotation="0" justify="left" flipped="False" hidden="False" data="4" />
      <text name="pindes" originx="140" originy="-280" style="Default" rotation="0" justify="lowerright" flipped="False" hidden="False" data="4" />
    </sympin>
    <sympin number="5" originx="200" originy="-400" rotation="180" length="100" width="7.8740157480315" flipped="False">
      <text name="pinname" originx="230" originy="-400" style="Default" rotation="0" justify="left" flipped="False" hidden="False" data="5" />
      <text name="pindes" originx="140" originy="-380" style="Default" rotation="0" justify="lowerright" flipped="False" hidden="False" data="5" />
    </sympin>
    <sympin number="6" originx="200" originy="-500" rotation="180" length="100" width="7.8740157480315" flipped="False">
      <text name="pinname" originx="230" originy="-500" style="Default" rotation="0" justify="left" flipped="False" hidden="False" data="6" />
      <text name="pindes" originx="140" originy="-480" style="Default" rotation="0" justify="lowerright" flipped="False" hidden="False" data="6" />
    </sympin>
  </symbol>
  <component name="OQ06325100J0G" designatorprefix="J" height="283.46456692913" footprint="OQ06325100J0G">
    <comppin designator="1" sympin="1" pinswap="0" gateswap="0" gate="1" group="1" side="" type="Any" name="1" />
    <comppin designator="2" sympin="2" pinswap="0" gateswap="0" gate="1" group="1" side="" type="Any" name="2" />
    <comppin designator="3" sympin="3" pinswap="0" gateswap="0" gate="1" group="1" side="" type="Any" name="3" />
    <comppin designator="4" sympin="4" pinswap="0" gateswap="0" gate="1" group="1" side="" type="Any" name="4" />
    <comppin designator="5" sympin="5" pinswap="0" gateswap="0" gate="1" group="1" side="" type="Any" name="5" />
    <comppin designator="6" sympin="6" pinswap="0" gateswap="0" gate="1" group="1" side="" type="Any" name="6" />
    <attached_symbol gate="1" name="OQ06325100J0G" />
    <pinmap designator="1" footprintpin="1" />
    <pinmap designator="2" footprintpin="2" />
    <pinmap designator="3" footprintpin="3" />
    <pinmap designator="4" footprintpin="4" />
    <pinmap designator="5" footprintpin="5" />
    <pinmap designator="6" footprintpin="6" />
    <text name="Datasheet" originx="0" originy="0" style="Default" rotation="0" justify="" flipped="False" hidden="True" data="" />
    <text name="Description" originx="0" originy="0" style="Default" rotation="0" justify="" flipped="False" hidden="True" data="Pluggable Terminal Blocks 381 TB SOCKET RA" />
    <text name="Mouser Part Number" originx="0" originy="0" style="Default" rotation="0" justify="" flipped="False" hidden="True" data="649-OQ06325100J0G" />
    <text name="Mouser Price/Stock" originx="0" originy="0" style="Default" rotation="0" justify="" flipped="False" hidden="True" data="https://www.mouser.co.uk/ProductDetail/Amphenol-Anytek/OQ06325100J0G?qs=zj6zwI%252Bv92SfhMFv4CmfxQ%3D%3D" />
    <text name="Manufacturer_Name" originx="0" originy="0" style="Default" rotation="0" justify="" flipped="False" hidden="True" data="Amphenol" />
    <text name="Manufacturer_Part_Number" originx="650" originy="200" style="Default" rotation="0" justify="left" flipped="False" hidden="False" data="OQ06325100J0G" />
  </component>
</quadcept_library>
